benchmark,metric,unit,direction,role,runs,median,mean,stddev,min,max
all-pairs-distance-cuda,k1_register_atomic,ms,lower,primary,5,0.1887426,0.18879364,8.090628158555076e-05,0.1887142,0.18893000000000001
all-pairs-distance-cuda,k2_shared_tree_reduction,ms,lower,primary,5,0.1591906,0.15922558,5.227605187846077e-05,0.15917320000000001,0.159307
all-pairs-distance-cuda,k3_cub_block_reduction,ms,lower,primary,5,0.15736070000000002,0.15739396,5.248651636372613e-05,0.15734,0.1574676
all-pairs-distance-cuda,cpu_reference_time,ms,lower,secondary,5,119.095,118.9978,0.2524673444229987,118.5,119.20400000000001
atomicReduction-cuda,atomic_reduction.block_1024,GB/s,higher,primary,5,770.511,770.4598,0.18388844444389488,770.225,770.672
atomicReduction-cuda,atomic_reduction.block_128,GB/s,higher,primary,5,690.845,690.7748,0.3002641503742945,690.219,691.094
atomicReduction-cuda,atomic_reduction.block_256,GB/s,higher,primary,5,702.97,703.1832,0.4265552250295348,702.676,703.779
atomicReduction-cuda,atomic_reduction.block_512,GB/s,higher,primary,5,752.64,752.5762,0.30444795942822084,752.144,752.993
atomicReduction-cuda,atomic_reduction_v16.block_1024,GB/s,higher,primary,5,588.284,588.643,1.357595521501158,587.357,591.136
atomicReduction-cuda,atomic_reduction_v16.block_128,GB/s,higher,primary,5,722.35,722.1436,0.433948660557901,721.293,722.49
atomicReduction-cuda,atomic_reduction_v16.block_256,GB/s,higher,primary,5,728.311,728.3422,0.5484743932035355,727.73,729.188
atomicReduction-cuda,atomic_reduction_v16.block_512,GB/s,higher,primary,5,686.959,687.0924,0.6412916965000997,686.451,688.185
atomicReduction-cuda,atomic_reduction_v2.block_1024,GB/s,higher,primary,5,848.954,848.9522,0.09856246750159559,848.842,849.124
atomicReduction-cuda,atomic_reduction_v2.block_128,GB/s,higher,primary,5,845.385,845.4752,0.30514875061191354,845.17,846.038
atomicReduction-cuda,atomic_reduction_v2.block_256,GB/s,higher,primary,5,837.293,837.098,0.3525949517505691,836.464,837.439
atomicReduction-cuda,atomic_reduction_v2.block_512,GB/s,higher,primary,5,825.838,825.7794,0.3049226787236122,825.238,826.135
atomicReduction-cuda,atomic_reduction_v4.block_1024,GB/s,higher,primary,5,848.148,848.223,0.3264597984438771,847.876,848.844
atomicReduction-cuda,atomic_reduction_v4.block_128,GB/s,higher,primary,5,850.581,850.669,0.5721576705769235,850.095,851.729
atomicReduction-cuda,atomic_reduction_v4.block_256,GB/s,higher,primary,5,863.378,863.2974,0.26419659346779606,862.787,863.54
atomicReduction-cuda,atomic_reduction_v4.block_512,GB/s,higher,primary,5,850.928,850.812,0.24905340792689182,850.346,851.034
atomicReduction-cuda,atomic_reduction_v8.block_1024,GB/s,higher,primary,5,827.979,827.9592,0.4930632413798212,827.278,828.573
atomicReduction-cuda,atomic_reduction_v8.block_128,GB/s,higher,primary,5,834.299,834.3728,0.3886378262598754,833.942,834.951
atomicReduction-cuda,atomic_reduction_v8.block_256,GB/s,higher,primary,5,846.104,845.9184,0.2742528760104488,845.469,846.157
atomicReduction-cuda,atomic_reduction_v8.block_512,GB/s,higher,primary,5,787.501,787.7334,0.7178452758080919,787.078,789.088
bfs-cuda,total_kernel_execution_time,ms,lower,primary,5,1.001259033,0.9994488524,0.004074178730502911,0.994261047,1.004023071
bilateral-cuda,average_kernel_execution_time.3x3,ms,lower,primary,5,0.920257,0.9290698,0.01779300693418626,0.919893,0.964654
bilateral-cuda,average_kernel_execution_time.6x6,ms,lower,primary,5,3.413899,3.4125074,0.003648127881530408,3.405393,3.415581
bilateral-cuda,average_kernel_execution_time.9x9,ms,lower,primary,5,7.276366,7.276363,0.0011199158896989727,7.274392,7.277679
bscan-cuda,block_1024.execution_time,ms,lower,primary,5,0.676225459,0.6762364906,6.646099944658612e-05,0.6761553020000001,0.67635502
bscan-cuda,block_128.execution_time,ms,lower,primary,5,0.341159094,0.3412533834,0.00015318992097862615,0.34110151000000005,0.341513734
bscan-cuda,block_256.execution_time,ms,lower,primary,5,0.676147481,0.6761235059999999,9.936425814747598e-05,0.67600365,0.6762654659999999
bscan-cuda,block_32.execution_time,ms,lower,primary,5,0.173924418,0.17396126480000002,6.900959268217384e-05,0.173884169,0.17404903600000002
bscan-cuda,block_512.execution_time,ms,lower,primary,5,0.675996884,0.676005838,8.000489972246896e-05,0.675914741,0.676116546
bscan-cuda,block_64.execution_time,ms,lower,primary,5,0.341102757,0.3411611892,0.0001295529802735626,0.341022785,0.341339659
bscan-cuda,block_1024.throughput,GElements/s,higher,secondary,5,91.584134,91.5826404,0.009000073013035903,91.56659,91.593636
bscan-cuda,block_128.throughput,GElements/s,higher,secondary,5,22.691584,22.6853192,0.010180051225804548,22.668021,22.695415
bscan-cuda,block_256.throughput,GElements/s,higher,secondary,5,22.898674,22.8994866,0.003365356777519902,22.894679,22.903546
bscan-cuda,block_32.throughput,GElements/s,higher,secondary,5,11.127593,11.1252374,0.004412762971200701,11.119625,11.130168
bscan-cuda,block_512.throughput,GElements/s,higher,secondary,5,45.807551,45.8069446,0.0054214705237618085,45.799443,45.813118
bscan-cuda,block_64.throughput,GElements/s,higher,secondary,5,11.347666,11.345724,0.004308120286157242,11.33979,11.350327
convolution1D-cuda,mask_3.fp32.conv1d-tiled-caching.block_1024,ms,lower,primary,5,1.6372327880000002,1.6371869872,0.0001484924752158967,1.6369052730000002,1.63732666
convolution1D-cuda,mask_3.fp32.conv1d-tiled-caching.block_128,ms,lower,primary,5,1.725917358,1.7259801024,8.961578977296555e-05,1.7259027100000002,1.726125366
convolution1D-cuda,mask_3.fp32.conv1d-tiled-caching.block_256,ms,lower,primary,5,1.642160767,1.64220459,0.00012737069013551923,1.642063599,1.642429077
convolution1D-cuda,mask_3.fp32.conv1d-tiled-caching.block_512,ms,lower,primary,5,1.662307617,1.6623169192,0.00010969856666415517,1.662174805,1.6624523930000001
convolution1D-cuda,mask_3.fp32.conv1d-tiled-caching.block_64,ms,lower,primary,5,2.968318115,2.968329297,3.74537038863323e-05,2.968293945,2.968395264
convolution1D-cuda,mask_3.fp32.conv1d-tiled.block_1024,ms,lower,primary,5,1.706509766,1.7065059572,0.0001562138952313817,1.706253784,1.706680176
convolution1D-cuda,mask_3.fp32.conv1d-tiled.block_128,ms,lower,primary,5,1.748848389,1.749021338,0.0002249471574819412,1.74882666,1.749359009
convolution1D-cuda,mask_3.fp32.conv1d-tiled.block_256,ms,lower,primary,5,1.680371582,1.6803490722,0.00014656310803937972,1.680099365,1.6805506590000001
convolution1D-cuda,mask_3.fp32.conv1d-tiled.block_512,ms,lower,primary,5,1.672754272,1.6727704344,8.132093251453671e-05,1.6726920170000001,1.67291394
convolution1D-cuda,mask_3.fp32.conv1d-tiled.block_64,ms,lower,primary,5,2.969144775,2.969145166,2.415012969739612e-05,2.9691162110000002,2.969184326
convolution1D-cuda,mask_3.fp32.conv1d.block_1024,ms,lower,primary,5,1.434184814,1.4341899414000001,5.487546902070986e-05,1.434109131,1.4342613530000001
convolution1D-cuda,mask_3.fp32.conv1d.block_128,ms,lower,primary,5,1.5054517820000002,1.5054540528,3.4033046442530415e-05,1.5054080810000001,1.505513794
convolution1D-cuda,mask_3.fp32.conv1d.block_256,ms,lower,primary,5,1.4196505130000001,1.4196403076,5.051389151351262e-05,1.419582275,1.419709717
convolution1D-cuda,mask_3.fp32.conv1d.block_512,ms,lower,primary,5,1.4242039789999998,1.4242410156,7.109221671766166e-05,1.4241561280000001,1.4243535159999998
convolution1D-cuda,mask_3.fp32.conv1d.block_64,ms,lower,primary,5,2.9679421390000003,2.96793833,2.7910186620703908e-05,2.967899902,2.967968994
convolution1D-cuda,mask_3.fp64.conv1d-tiled-caching.block_1024,ms,lower,primary,5,2.7343728030000003,2.7344129396000003,0.00014351264799117948,2.7342424320000003,2.734627441
convolution1D-cuda,mask_3.fp64.conv1d-tiled-caching.block_128,ms,lower,primary,5,2.7036220699999998,2.7036241698,2.974020379476158e-05,2.7035766600000004,2.703666992
convolution1D-cuda,mask_3.fp64.conv1d-tiled-caching.block_256,ms,lower,primary,5,2.7075207519999998,2.7075351074,3.617090501818533e-05,2.7074929200000004,2.707598633
convolution1D-cuda,mask_3.fp64.conv1d-tiled-caching.block_512,ms,lower,primary,5,2.7242766109999996,2.7242836912,5.395406934187359e-05,2.7242153320000004,2.724360107
convolution1D-cuda,mask_3.fp64.conv1d-tiled-caching.block_64,ms,lower,primary,5,2.986867432,2.9868433106000003,9.241156524063374e-05,2.9867397460000005,2.98698291
convolution1D-cuda,mask_3.fp64.conv1d-tiled.block_1024,ms,lower,primary,5,2.8097546390000003,2.8097601564,8.270452925347404e-05,2.809629639,2.8098879390000002
convolution1D-cuda,mask_3.fp64.conv1d-tiled.block_128,ms,lower,primary,5,2.774284668,2.77430459,0.00013694413636357658,2.7741528320000004,2.774553223
convolution1D-cuda,mask_3.fp64.conv1d-tiled.block_256,ms,lower,primary,5,2.796915039,2.7969681152,0.0001650017789546111,2.796805664,2.797275635
convolution1D-cuda,mask_3.fp64.conv1d-tiled.block_512,ms,lower,primary,5,2.80392334,2.803941504,4.740828736425958e-05,2.8039016109999997,2.804034424
convolution1D-cuda,mask_3.fp64.conv1d-tiled.block_64,ms,lower,primary,5,2.984222656,2.9842145996,6.785379198440563e-05,2.9841115719999998,2.9843046880000004
convolution1D-cuda,mask_3.fp64.conv1d.block_1024,ms,lower,primary,5,2.711652588,2.7116726562,7.377262674298494e-05,2.711592285,2.711793213
convolution1D-cuda,mask_3.fp64.conv1d.block_128,ms,lower,primary,5,2.679238281,2.6792419434,3.5749001679140774e-05,2.6792058109999997,2.6793015140000005
convolution1D-cuda,mask_3.fp64.conv1d.block_256,ms,lower,primary,5,2.683398193,2.6834041502,1.5237750298715117e-05,2.683385986,2.6834291990000003
convolution1D-cuda,mask_3.fp64.conv1d.block_512,ms,lower,primary,5,2.69141748,2.6914345216,3.5929458073286585e-05,2.691391846,2.6914821780000002
convolution1D-cuda,mask_3.fp64.conv1d.block_64,ms,lower,primary,5,2.982915283,2.9829044432000003,5.999012799268317e-05,2.982823242,2.9829916990000003
convolution1D-cuda,mask_3.int16.conv1d-tiled-caching.block_1024,ms,lower,primary,5,1.4702977289999999,1.470344092,0.00014340059737254343,1.470209351,1.470610596
convolution1D-cuda,mask_3.int16.conv1d-tiled-caching.block_128,ms,lower,primary,5,1.4925561520000001,1.4925684082000001,7.692307178055747e-05,1.49244397,1.492676514
convolution1D-cuda,mask_3.int16.conv1d-tiled-caching.block_256,ms,lower,primary,5,1.345777466,1.3458016846,0.00027870867090403417,1.345437622,1.346192749
convolution1D-cuda,mask_3.int16.conv1d-tiled-caching.block_512,ms,lower,primary,5,1.3939552000000002,1.3939950928,0.0001156348637936298,1.393858276,1.3941779790000002
convolution1D-cuda,mask_3.int16.conv1d-tiled-caching.block_64,ms,lower,primary,5,2.967530029,2.9675311522000003,4.8851065308424654e-05,2.967466797,2.9676135250000004
convolution1D-cuda,mask_3.int16.conv1d-tiled.block_1024,ms,lower,primary,5,1.3150395510000001,1.3151487304,0.00021784659235027774,1.31494519,1.315540771
convolution1D-cuda,mask_3.int16.conv1d-tiled.block_128,ms,lower,primary,5,1.497147827,1.4971656738,4.184630345157831e-05,1.497130737,1.497246094
convolution1D-cuda,mask_3.int16.conv1d-tiled.block_256,ms,lower,primary,5,1.340501831,1.340528711,0.00025930075133872487,1.3401929929999998,1.340897217
convolution1D-cuda,mask_3.int16.conv1d-tiled.block_512,ms,lower,primary,5,1.292214722,1.2922897462,0.00015604910025432517,1.292131226,1.292537231
convolution1D-cuda,mask_3.int16.conv1d-tiled.block_64,ms,lower,primary,5,2.966749512,2.9667815429999997,5.738900520825072e-05,2.9667104490000002,2.966857422
convolution1D-cuda,mask_3.int16.conv1d.block_1024,ms,lower,primary,5,1.1192738039999999,1.1192986329999999,0.0002795322812835455,1.1190264890000001,1.119799561
convolution1D-cuda,mask_3.int16.conv1d.block_128,ms,lower,primary,5,1.487533203,1.4875412108,2.236342634213157e-05,1.487519531,1.487581909
convolution1D-cuda,mask_3.int16.conv1d.block_256,ms,lower,primary,5,1.1302148440000002,1.1302218262000001,7.389293423700388e-05,1.130133179,1.1303236079999999
convolution1D-cuda,mask_3.int16.conv1d.block_512,ms,lower,primary,5,1.100301758,1.1004468262,0.00022952577623040822,1.10020813,1.100803345
convolution1D-cuda,mask_3.int16.conv1d.block_64,ms,lower,primary,5,2.96594873,2.965953711,5.885674274714935e-05,2.96588916,2.9660322270000004
convolution1D-cuda,mask_5.fp32.conv1d-tiled-caching.block_1024,ms,lower,primary,5,1.842356689,1.8425768066000001,0.0004348716094594461,1.842057251,1.843227417
convolution1D-cuda,mask_5.fp32.conv1d-tiled-caching.block_128,ms,lower,primary,5,1.8696286620000002,1.8695212646000001,0.00032975481901111444,1.869121094,1.869967651
convolution1D-cuda,mask_5.fp32.conv1d-tiled-caching.block_256,ms,lower,primary,5,1.770076904,1.7699181884000001,0.00042034230127012043,1.7693243410000001,1.7704995120000002
convolution1D-cuda,mask_5.fp32.conv1d-tiled-caching.block_512,ms,lower,primary,5,1.7810958250000002,1.7809389162,0.00036265711435480753,1.780440186,1.78141626
convolution1D-cuda,mask_5.fp32.conv1d-tiled-caching.block_64,ms,lower,primary,5,2.9702702640000003,2.9702979494000004,5.5018764150500805e-05,2.970243652,2.9703952640000004
convolution1D-cuda,mask_5.fp32.conv1d-tiled.block_1024,ms,lower,primary,5,1.809867554,1.8099808838,0.0001486627796449892,1.809855591,1.8101802980000001
convolution1D-cuda,mask_5.fp32.conv1d-tiled.block_128,ms,lower,primary,5,1.8074321290000002,1.8073235354000001,0.0001786965732515177,1.8070952150000001,1.807511597
convolution1D-cuda,mask_5.fp32.conv1d-tiled.block_256,ms,lower,primary,5,1.756526611,1.7565082274000001,3.665572572248162e-05,1.756436401,1.756536255
convolution1D-cuda,mask_5.fp32.conv1d-tiled.block_512,ms,lower,primary,5,1.765184692,1.7652140136,0.00011158203633301635,1.765052979,1.7653914789999998
convolution1D-cuda,mask_5.fp32.conv1d-tiled.block_64,ms,lower,primary,5,2.970463867,2.970471338,3.6838271463302245e-05,2.9704240719999997,2.970537598
convolution1D-cuda,mask_5.fp32.conv1d.block_1024,ms,lower,primary,5,1.45038623,1.450348706,0.00013107592912353378,1.45019104,1.450488525
convolution1D-cuda,mask_5.fp32.conv1d.block_128,ms,lower,primary,5,1.488661377,1.4886826172,4.8199709237282446e-05,1.4886473390000001,1.488776245
convolution1D-cuda,mask_5.fp32.conv1d.block_256,ms,lower,primary,5,1.414347656,1.4143237791999999,0.0001124029605097736,1.414120361,1.414425781
convolution1D-cuda,mask_5.fp32.conv1d.block_512,ms,lower,primary,5,1.411613892,1.4115906740000002,5.4454192371182e-05,1.41152063,1.411653931
convolution1D-cuda,mask_5.fp32.conv1d.block_64,ms,lower,primary,5,2.9885998540000003,2.9910594240000004,0.006924035563577392,2.981146484,2.9991130370000003
convolution1D-cuda,mask_5.fp64.conv1d-tiled-caching.block_1024,ms,lower,primary,5,2.753127686,2.7531341308,8.645665307275717e-05,2.753028564,2.753256348
convolution1D-cuda,mask_5.fp64.conv1d-tiled-caching.block_128,ms,lower,primary,5,2.726423828,2.7264684568,5.8612307350609075e-05,2.7264184570000003,2.726557617
convolution1D-cuda,mask_5.fp64.conv1d-tiled-caching.block_256,ms,lower,primary,5,2.7243940429999998,2.7244125489999997,8.424586734792607e-05,2.724324707,2.72455127
convolution1D-cuda,mask_5.fp64.conv1d-tiled-caching.block_512,ms,lower,primary,5,2.7350539549999997,2.7351910156,0.00022280225002604425,2.734988281,2.735549561
convolution1D-cuda,mask_5.fp64.conv1d-tiled-caching.block_64,ms,lower,primary,5,3.001891602,3.001815381,0.00030468114415963356,3.001291992,3.002176758
convolution1D-cuda,mask_5.fp64.conv1d-tiled.block_1024,ms,lower,primary,5,2.916657471,2.9166616700000003,0.0001945434773432225,2.9163513180000002,2.916924561
convolution1D-cuda,mask_5.fp64.conv1d-tiled.block_128,ms,lower,primary,5,2.83392041,2.8338041504,0.0002197674667331168,2.833390137,2.833995117
convolution1D-cuda,mask_5.fp64.conv1d-tiled.block_256,ms,lower,primary,5,2.8593500979999997,2.8593446287999997,0.00014250876594992334,2.859095703,2.859501953
convolution1D-cuda,mask_5.fp64.conv1d-tiled.block_512,ms,lower,primary,5,2.8833903810000003,2.8833157226000004,0.0001622643005872093,2.883108398,2.883500977
convolution1D-cuda,mask_5.fp64.conv1d-tiled.block_64,ms,lower,primary,5,2.98951001,2.9895444824,9.888659983761423e-05,2.989437012,2.989696289
convolution1D-cuda,mask_5.fp64.conv1d.block_1024,ms,lower,primary,5,2.710749512,2.7108246584,0.00012920190209221694,2.710702881,2.7109880370000004
convolution1D-cuda,mask_5.fp64.conv1d.block_128,ms,lower,primary,5,2.684514648,2.6845026368,2.9019437398835184e-05,2.6844685060000004,2.684539551
convolution1D-cuda,mask_5.fp64.conv1d.block_256,ms,lower,primary,5,2.684531982,2.6845369628,1.7796631786921424e-05,2.684511475,2.68455957
convolution1D-cuda,mask_5.fp64.conv1d.block_512,ms,lower,primary,5,2.6880041500000003,2.6880088866,1.385179896744641e-05,2.6879916990000003,2.688025635
convolution1D-cuda,mask_5.fp64.conv1d.block_64,ms,lower,primary,5,2.9856640619999997,2.9849274902,0.009774246464981845,2.973361816,2.996008057
convolution1D-cuda,mask_5.int16.conv1d-tiled-caching.block_1024,ms,lower,primary,5,1.7486655270000002,1.7491533444,0.0012899201905134637,1.7482352289999998,1.751710571
convolution1D-cuda,mask_5.int16.conv1d-tiled-caching.block_128,ms,lower,primary,5,1.592630005,1.5926222902,9.419191167490563e-05,1.592450684,1.592729126
convolution1D-cuda,mask_5.int16.conv1d-tiled-caching.block_256,ms,lower,primary,5,1.5691673579999998,1.5691683838000001,9.733767360562518e-05,1.5690114750000002,1.569310181
convolution1D-cuda,mask_5.int16.conv1d-tiled-caching.block_512,ms,lower,primary,5,1.617742798,1.6183786376,0.0014038075255251798,1.617408447,1.621162476
convolution1D-cuda,mask_5.int16.conv1d-tiled-caching.block_64,ms,lower,primary,5,2.967023193,2.9670407226,4.356479972002622e-05,2.966999512,2.9671250000000002
convolution1D-cuda,mask_5.int16.conv1d-tiled.block_1024,ms,lower,primary,5,1.498666992,1.4986850096000002,0.0001254452647373858,1.4985336910000002,1.498856567
convolution1D-cuda,mask_5.int16.conv1d-tiled.block_128,ms,lower,primary,5,1.562219482,1.5622367674,0.0001609092578773347,1.5620405270000002,1.56250061
convolution1D-cuda,mask_5.int16.conv1d-tiled.block_256,ms,lower,primary,5,1.500606689,1.5008030760000002,0.00031267996365165755,1.5005559080000002,1.5013732910000002
convolution1D-cuda,mask_5.int16.conv1d-tiled.block_512,ms,lower,primary,5,1.4725081789999999,1.4725526856,0.00011597476985036092,1.472397583,1.472739746
convolution1D-cuda,mask_5.int16.conv1d-tiled.block_64,ms,lower,primary,5,2.967249023,2.9672438964,2.1928165026844262e-05,2.9672202149999998,2.967279297
convolution1D-cuda,mask_5.int16.conv1d.block_1024,ms,lower,primary,5,1.2857843020000002,1.286010083,0.000496866078537753,1.2856317140000002,1.2869764399999999
convolution1D-cuda,mask_5.int16.conv1d.block_128,ms,lower,primary,5,1.486240967,1.4862491944,3.801657486727239e-05,1.486207153,1.486317627
convolution1D-cuda,mask_5.int16.conv1d.block_256,ms,lower,primary,5,1.166099731,1.166343994,0.00037755161559813226,1.165926025,1.166834717
convolution1D-cuda,mask_5.int16.conv1d.block_512,ms,lower,primary,5,1.1685349120000001,1.1688075926000001,0.0005549225920765405,1.168252808,1.169797729
convolution1D-cuda,mask_5.int16.conv1d.block_64,ms,lower,primary,5,2.967550293,2.9675620115999997,8.456756827435758e-05,2.967464111,2.967696533
convolution1D-cuda,mask_7.fp32.conv1d-tiled-caching.block_1024,ms,lower,primary,5,2.1305478520000003,2.1311874512,0.0014329739670586028,2.130233154,2.134029297
convolution1D-cuda,mask_7.fp32.conv1d-tiled-caching.block_128,ms,lower,primary,5,2.0626210940000003,2.0624803712,0.0003632596327882004,2.061784424,2.062769043
convolution1D-cuda,mask_7.fp32.conv1d-tiled-caching.block_256,ms,lower,primary,5,1.977884521,1.9775796872,0.0006960789774668648,1.9766180420000001,1.9783179929999999
convolution1D-cuda,mask_7.fp32.conv1d-tiled-caching.block_512,ms,lower,primary,5,2.009012817,2.008651123,0.0006424760965352501,2.007821167,2.009411133
convolution1D-cuda,mask_7.fp32.conv1d-tiled-caching.block_64,ms,lower,primary,5,2.979941406,2.9800428709999998,0.000351627668298203,2.979601318,2.980611572
convolution1D-cuda,mask_7.fp32.conv1d-tiled.block_1024,ms,lower,primary,5,1.930099121,1.9301338866,7.938670522605484e-05,1.9300633539999998,1.930282837
convolution1D-cuda,mask_7.fp32.conv1d-tiled.block_128,ms,lower,primary,5,1.8990162350000002,1.8989938232,0.00010433927201091198,1.8988695070000001,1.8991114500000001
convolution1D-cuda,mask_7.fp32.conv1d-tiled.block_256,ms,lower,primary,5,1.8862883300000002,1.8862864014,0.0002159573830251307,1.885977051,1.8866430660000002
convolution1D-cuda,mask_7.fp32.conv1d-tiled.block_512,ms,lower,primary,5,1.9068012699999999,1.9067403322,0.00015011391269885964,1.9065311280000001,1.9069339600000002
convolution1D-cuda,mask_7.fp32.conv1d-tiled.block_64,ms,lower,primary,5,2.9741921390000003,2.9741893068,9.162078134653337e-05,2.974084717,2.974336182
convolution1D-cuda,mask_7.fp32.conv1d.block_1024,ms,lower,primary,5,1.58043335,1.5805146972,0.00021562863322430455,1.580276611,1.580913452
convolution1D-cuda,mask_7.fp32.conv1d.block_128,ms,lower,primary,5,1.566998413,1.567062207,0.00023300733120477154,1.5668039550000001,1.567463501
convolution1D-cuda,mask_7.fp32.conv1d.block_256,ms,lower,primary,5,1.523933472,1.5239433838,0.0001013904654183498,1.523812866,1.524102173
convolution1D-cuda,mask_7.fp32.conv1d.block_512,ms,lower,primary,5,1.537060791,1.5371589354,0.00016469429115857772,1.5369899900000001,1.53741272
convolution1D-cuda,mask_7.fp32.conv1d.block_64,ms,lower,primary,5,2.992273682,2.9948276368,0.005365341839803416,2.988781494,3.002914795
convolution1D-cuda,mask_7.fp64.conv1d-tiled-caching.block_1024,ms,lower,primary,5,2.804592773,2.8046126462,0.0001763560527198482,2.804376709,2.8049208979999998
convolution1D-cuda,mask_7.fp64.conv1d-tiled-caching.block_128,ms,lower,primary,5,2.7696523440000003,2.769620166,6.528360781386126e-05,2.7695209960000002,2.769699951
convolution1D-cuda,mask_7.fp64.conv1d-tiled-caching.block_256,ms,lower,primary,5,2.763281006,2.7633194336,6.034082379824592e-05,2.763259521,2.7634191890000004
convolution1D-cuda,mask_7.fp64.conv1d-tiled-caching.block_512,ms,lower,primary,5,2.778676758,2.778700781,0.00012575054649425504,2.778571533,2.778936523
convolution1D-cuda,mask_7.fp64.conv1d-tiled-caching.block_64,ms,lower,primary,5,3.0195314939999998,3.0193201172,0.00048054169909442083,3.018503174,3.0198010250000005
convolution1D-cuda,mask_7.fp64.conv1d-tiled.block_1024,ms,lower,primary,5,3.031678711,3.0316605468,0.00022455701977920723,3.031279785,3.031922119
convolution1D-cuda,mask_7.fp64.conv1d-tiled.block_128,ms,lower,primary,5,2.904764648,2.9047907714,8.503878622742672e-05,2.904701172,2.9048920899999997
convolution1D-cuda,mask_7.fp64.conv1d-tiled.block_256,ms,lower,primary,5,2.961984863,2.9620163574,8.903987046398012e-05,2.961941895,2.962188232
convolution1D-cuda,mask_7.fp64.conv1d-tiled.block_512,ms,lower,primary,5,2.9976264649999997,2.9975866212,0.00016845317813019283,2.997344482,2.997849854
convolution1D-cuda,mask_7.fp64.conv1d-tiled.block_64,ms,lower,primary,5,2.9953430180000002,2.9953220216000003,0.00012951603306708635,2.9951391600000004,2.995516846
convolution1D-cuda,mask_7.fp64.conv1d.block_1024,ms,lower,primary,5,2.710858887,2.7108448242,3.283862449265701e-05,2.7107846679999996,2.710875244
convolution1D-cuda,mask_7.fp64.conv1d.block_128,ms,lower,primary,5,2.700021973,2.7000175781999998,2.3310738490165313e-05,2.699986816,2.700055176
convolution1D-cuda,mask_7.fp64.conv1d.block_256,ms,lower,primary,5,2.7027827149999997,2.7028104982,4.5442726068845146e-05,2.702770508,2.7028886720000003
convolution1D-cuda,mask_7.fp64.conv1d.block_512,ms,lower,primary,5,2.711412598,2.7113839356,5.182444020577649e-05,2.71129126,2.711428223
convolution1D-cuda,mask_7.fp64.conv1d.block_64,ms,lower,primary,5,2.9987680660000002,3.0060649412,0.010089331143733176,2.99695166,3.021615723
convolution1D-cuda,mask_7.int16.conv1d-tiled-caching.block_1024,ms,lower,primary,5,2.104132568,2.104266748,0.0018749893998760243,2.1021123050000003,2.107341797
convolution1D-cuda,mask_7.int16.conv1d-tiled-caching.block_128,ms,lower,primary,5,1.993170166,1.9940345946,0.0014980407870928336,1.99244751,1.995862915
convolution1D-cuda,mask_7.int16.conv1d-tiled-caching.block_256,ms,lower,primary,5,1.960437012,1.9599358888,0.001086297900656127,1.957977173,1.9610924070000002
convolution1D-cuda,mask_7.int16.conv1d-tiled-caching.block_512,ms,lower,primary,5,1.975876343,1.9754803956,0.0013159502703767201,1.973631592,1.977192627
convolution1D-cuda,mask_7.int16.conv1d-tiled-caching.block_64,ms,lower,primary,5,2.966092529,2.9661630368,0.0002955251443152034,2.965929443,2.9667314449999997
convolution1D-cuda,mask_7.int16.conv1d-tiled.block_1024,ms,lower,primary,5,1.7080045170000002,1.7081307864000002,0.0004248017057073705,1.707712891,1.7089111330000002
convolution1D-cuda,mask_7.int16.conv1d-tiled.block_128,ms,lower,primary,5,1.7765269780000001,1.7765719238,0.0001202755376980167,1.776428955,1.776736694
convolution1D-cuda,mask_7.int16.conv1d-tiled.block_256,ms,lower,primary,5,1.711385376,1.7113748536,0.00013656657479583638,1.71120813,1.7115289310000001
convolution1D-cuda,mask_7.int16.conv1d-tiled.block_512,ms,lower,primary,5,1.684087158,1.6841866454,0.00017745994706024995,1.6840014650000001,1.684461548
convolution1D-cuda,mask_7.int16.conv1d-tiled.block_64,ms,lower,primary,5,2.967423096,2.9674222656,3.70445516242808e-05,2.967363525,2.9674685060000003
convolution1D-cuda,mask_7.int16.conv1d.block_1024,ms,lower,primary,5,1.6192989500000001,1.6195912596,0.000840668222072095,1.6188718260000001,1.621241211
convolution1D-cuda,mask_7.int16.conv1d.block_128,ms,lower,primary,5,1.5735837400000001,1.5734935056,0.0001667856718553271,1.573182617,1.573625488
convolution1D-cuda,mask_7.int16.conv1d.block_256,ms,lower,primary,5,1.529788452,1.5298675292,0.00012309349977214075,1.529753784,1.530067261
convolution1D-cuda,mask_7.int16.conv1d.block_512,ms,lower,primary,5,1.522009155,1.5222162354,0.00044451246151741553,1.521737305,1.522885132
convolution1D-cuda,mask_7.int16.conv1d.block_64,ms,lower,primary,5,2.999114746,2.9963109864,0.008278112761899511,2.980867676,3.0045622560000003
convolution1D-cuda,mask_9.fp32.conv1d-tiled-caching.block_1024,ms,lower,primary,5,2.280765137,2.2805212402,0.0008029299281320107,2.279247314,2.281435059
convolution1D-cuda,mask_9.fp32.conv1d-tiled-caching.block_128,ms,lower,primary,5,2.2048659670000004,2.2048692384,0.0003274205629967006,2.20444165,2.2053134770000002
convolution1D-cuda,mask_9.fp32.conv1d-tiled-caching.block_256,ms,lower,primary,5,2.124604004,2.1245191408,0.0001855647049601743,2.1241921390000003,2.124707764
convolution1D-cuda,mask_9.fp32.conv1d-tiled-caching.block_512,ms,lower,primary,5,2.163746826,2.163496533,0.000507987466283448,2.162783691,2.164116455
convolution1D-cuda,mask_9.fp32.conv1d-tiled-caching.block_64,ms,lower,primary,5,2.974288574,2.974171875,0.0002886240925203997,2.97360083,2.9743786620000003
convolution1D-cuda,mask_9.fp32.conv1d-tiled.block_1024,ms,lower,primary,5,1.911275146,1.911439453,0.0002700496637065076,1.911180542,1.911792358
convolution1D-cuda,mask_9.fp32.conv1d-tiled.block_128,ms,lower,primary,5,1.8444597169999999,1.844434668,0.00014289158097241175,1.8441655270000001,1.8445883790000002
convolution1D-cuda,mask_9.fp32.conv1d-tiled.block_256,ms,lower,primary,5,1.809773315,1.8097421874,0.0001425841686647873,1.809486206,1.809923462
convolution1D-cuda,mask_9.fp32.conv1d-tiled.block_512,ms,lower,primary,5,1.825174194,1.8251594482,0.00017724039126049726,1.824860229,1.825405396
convolution1D-cuda,mask_9.fp32.conv1d-tiled.block_64,ms,lower,primary,5,2.973216797,2.973365039,0.0003191709542442342,2.973140137,2.973996826
convolution1D-cuda,mask_9.fp32.conv1d.block_1024,ms,lower,primary,5,1.6257680660000002,1.6258614258,0.0001693374312258337,1.6257128909999998,1.626178833
convolution1D-cuda,mask_9.fp32.conv1d.block_128,ms,lower,primary,5,1.5814738769999999,1.5814740966,0.00017231396713971087,1.5813035890000002,1.581778198
convolution1D-cuda,mask_9.fp32.conv1d.block_256,ms,lower,primary,5,1.5477589109999998,1.5477889404,0.00010784187627188836,1.54766687,1.547979736
convolution1D-cuda,mask_9.fp32.conv1d.block_512,ms,lower,primary,5,1.578387573,1.5784083006,6.511045876228665e-05,1.578339233,1.578527954
convolution1D-cuda,mask_9.fp32.conv1d.block_64,ms,lower,primary,5,3.003248047,3.0003558106,0.007039056061745781,2.989268555,3.008569336
convolution1D-cuda,mask_9.fp64.conv1d-tiled-caching.block_1024,ms,lower,primary,5,2.864432129,2.864582178,0.00029941055290630403,2.864211182,2.8650222170000004
convolution1D-cuda,mask_9.fp64.conv1d-tiled-caching.block_128,ms,lower,primary,5,2.816552734,2.8167526366,0.0003747321095403481,2.816418457,2.817458984
convolution1D-cuda,mask_9.fp64.conv1d-tiled-caching.block_256,ms,lower,primary,5,2.807731445,2.80782749,0.0002588912266324643,2.807582031,2.8083054200000004
convolution1D-cuda,mask_9.fp64.conv1d-tiled-caching.block_512,ms,lower,primary,5,2.827439941,2.8275455078,0.0002437964741872312,2.8273317870000003,2.828003174
convolution1D-cuda,mask_9.fp64.conv1d-tiled-caching.block_64,ms,lower,primary,5,3.042359619,3.0425174806,0.0005917024877194685,3.042015869,3.043657471
convolution1D-cuda,mask_9.fp64.conv1d-tiled.block_1024,ms,lower,primary,5,3.0805014649999998,3.0805833496,0.00014329121553904975,3.0804780270000003,3.080860352
convolution1D-cuda,mask_9.fp64.conv1d-tiled.block_128,ms,lower,primary,5,2.916711426,2.916640967,0.00013113469102422274,2.9164409179999997,2.916779785
convolution1D-cuda,mask_9.fp64.conv1d-tiled.block_256,ms,lower,primary,5,2.982250977,2.9822017578,0.00011616920745433703,2.982030029,2.982351807
convolution1D-cuda,mask_9.fp64.conv1d-tiled.block_512,ms,lower,primary,5,3.0410739749999998,3.0410617186,0.00019480818800935915,3.040776367,3.041278076
convolution1D-cuda,mask_9.fp64.conv1d-tiled.block_64,ms,lower,primary,5,2.9959577640000004,2.9959432128000003,7.30377931633597e-05,2.995825195,2.9960515140000004
convolution1D-cuda,mask_9.fp64.conv1d.block_1024,ms,lower,primary,5,2.7196645509999997,2.7196859376,4.548153579899656e-05,2.719640137,2.719760986
convolution1D-cuda,mask_9.fp64.conv1d.block_128,ms,lower,primary,5,2.7044296880000003,2.7044441408,3.40394122594281e-05,2.704408203,2.7045029300000003
convolution1D-cuda,mask_9.fp64.conv1d.block_256,ms,lower,primary,5,2.706024658,2.7060288086,3.2129315371417e-05,2.705983154,2.70606543
convolution1D-cuda,mask_9.fp64.conv1d.block_512,ms,lower,primary,5,2.717458984,2.7174628418,6.474711305800794e-05,2.7173666990000003,2.717570801
convolution1D-cuda,mask_9.fp64.conv1d.block_64,ms,lower,primary,5,3.006102783,3.0129358398,0.008743680491619938,3.005884521,3.0263659670000003
convolution1D-cuda,mask_9.int16.conv1d-tiled-caching.block_1024,ms,lower,primary,5,2.217636475,2.217735254,0.0004967117197570431,2.217279541,2.218687744
convolution1D-cuda,mask_9.int16.conv1d-tiled-caching.block_128,ms,lower,primary,5,2.2141760250000004,2.2143472656000003,0.0007345869763529984,2.213353516,2.2154265140000002
convolution1D-cuda,mask_9.int16.conv1d-tiled-caching.block_256,ms,lower,primary,5,2.169689453,2.1698011228,0.001200105071422144,2.168393066,2.171806396
convolution1D-cuda,mask_9.int16.conv1d-tiled-caching.block_512,ms,lower,primary,5,2.177267578,2.1775567382000003,0.0006146782376488586,2.177165527,2.1787810060000004
convolution1D-cuda,mask_9.int16.conv1d-tiled-caching.block_64,ms,lower,primary,5,2.965685791,2.965676416,3.855184911261225e-05,2.9656306150000002,2.9657248540000003
convolution1D-cuda,mask_9.int16.conv1d-tiled.block_1024,ms,lower,primary,5,1.674675415,1.6745492188,0.00036784773529135713,1.674106079,1.6750379640000002
convolution1D-cuda,mask_9.int16.conv1d-tiled.block_128,ms,lower,primary,5,1.736937256,1.7369122072,7.342151591837073e-05,1.7367833250000002,1.7369790040000002
convolution1D-cuda,mask_9.int16.conv1d-tiled.block_256,ms,lower,primary,5,1.672136841,1.6721718994,0.00019201247513496678,1.671953613,1.672485962
convolution1D-cuda,mask_9.int16.conv1d-tiled.block_512,ms,lower,primary,5,1.6574798579999999,1.6574034424,0.000283936692262591,1.657066528,1.657725464
convolution1D-cuda,mask_9.int16.conv1d-tiled.block_64,ms,lower,primary,5,2.968333496,2.968341699,2.388191904359094e-05,2.968318359,2.968386719
convolution1D-cuda,mask_9.int16.conv1d.block_1024,ms,lower,primary,5,1.8323654790000001,1.8327780274,0.0006849957303824527,1.832119995,1.833675293
convolution1D-cuda,mask_9.int16.conv1d.block_128,ms,lower,primary,5,1.726623901,1.7265863036,0.00016590456451416567,1.726392578,1.7267691649999999
convolution1D-cuda,mask_9.int16.conv1d.block_256,ms,lower,primary,5,1.688982422,1.6890740724,0.00021763333505198508,1.688860352,1.689411011
convolution1D-cuda,mask_9.int16.conv1d.block_512,ms,lower,primary,5,1.668759399,1.6692289308000001,0.000945687329428362,1.6682845460000002,1.6704526370000001
convolution1D-cuda,mask_9.int16.conv1d.block_64,ms,lower,primary,5,3.006080811,3.0046250002,0.0042724980497971625,2.998138672,3.010482422
convolution3D-cuda,c6_w14_h14.conv3d_s1,ms,lower,primary,5,0.01763339,0.0176167104,4.2030354081782824e-05,0.01755377,0.01765871
convolution3D-cuda,c6_w14_h14.conv3d_s2,ms,lower,primary,5,0.01923035,0.0192147764,3.630145919160852e-05,0.01914517,0.01924332
convolution3D-cuda,c6_w14_h14.conv3d_s3,ms,lower,primary,5,0.017584711,0.0175740408,2.3956555264895643e-05,0.017533691,0.01760289
convolution3D-cuda,c96_w26_h26.conv3d_s1,ms,lower,primary,5,13.612517578,13.6128765624,0.047607476623961954,13.554579102,13.682436523
convolution3D-cuda,c96_w26_h26.conv3d_s2,ms,lower,primary,5,13.132813477,13.1308265624,0.013547310470215021,13.112168945,13.148456055
convolution3D-cuda,c96_w26_h26.conv3d_s3,ms,lower,primary,5,14.0959375,14.0971810546,0.0036198048716452064,14.093655273000001,14.104088867000002
convolutionSeparable-cuda,average_kernel_execution_time,ms,lower,primary,5,1.526,1.526,0.0,1.526,1.526
fdtd3d-cuda,average_kernel_execution_time,ms,lower,primary,5,0.191,0.1906,0.0004898979485566361,0.19,0.191
filter-cuda,filter.global_aggregate,ms,lower,primary,5,2.462619,2.5330088,0.11583193103872529,2.462611,2.760911
filter-cuda,filter.shared_memory,ms,lower,primary,5,0.958458,0.9698072,0.023257617241669432,0.957769,1.016319
floydwarshall-cuda,average_kernel_execution_time,ms,lower,primary,5,8.507000000000001,8.514800000000001,0.02649830183238156,8.484,8.564
gaussian-cuda,total_kernel_execution_time,ms,lower,primary,5,490.962,493.6336,3.568969072435357,490.64,499.107
gaussian-cuda,device_offloading_time,ms,lower,secondary,5,756.357,755.1308,15.556971329921513,734.958,778.615
heat-cuda,solve_time,ms,lower,primary,5,340.84999999999997,340.8562,0.034452285845787675,340.807,340.909
heat-cuda,bandwidth,GB/s,higher,secondary,5,787.547,787.533,0.0793347338812032,787.412,787.647
heat-cuda,total_time,ms,lower,secondary,5,1007.1600000000001,1007.0812,18.538271056384925,985.856,1033.4399999999998
histogram-cuda,1_channel_uchar1.global_memory_atomics,ms,lower,primary,5,0.071309,0.0712774,0.00013436309016988298,0.07102800000000001,0.07143600000000001
histogram-cuda,1_channel_uchar1.shared_memory_atomics,ms,lower,primary,5,0.035929,0.0359552,0.0003126585357862469,0.035491,0.036475
histogram-cuda,3/4_channel_float4.global_memory_atomics,ms,lower,primary,5,0.189893,0.1965528,0.013257401304931523,0.18982200000000002,0.22306700000000002
histogram-cuda,3/4_channel_float4.shared_memory_atomics,ms,lower,primary,5,0.08267300000000001,0.0837346,0.0023405673329344743,0.082407,0.08841
histogram-cuda,3/4_channel_uchar4.global_memory_atomics,ms,lower,primary,5,0.18610200000000002,0.1928202,0.01339309200147598,0.186004,0.219605
histogram-cuda,3/4_channel_uchar4.shared_memory_atomics,ms,lower,primary,5,0.065776,0.066597,0.0016863621200679294,0.065652,0.069967
hotspot-cuda,total_kernel_execution_time,ms,lower,primary,5,1.183,1.1854,0.008685620300243403,1.178,1.202
hotspot-cuda,device_offloading_time,ms,lower,secondary,5,188.0,189.8,18.48675201326615,166.0,223.0
hotspot3D-cuda,average_kernel_execution_time,ms,lower,primary,5,0.042849087,0.042837823600000005,3.5182893943505554e-05,0.042772091000000005,0.042877541000000005
hotspot3D-cuda,device_offloading_time,ms,lower,secondary,5,393.0,396.2,8.009993757800315,388.0,410.0
jaccard-cuda,unweighted_jaccard_pipeline,ms,lower,primary,5,5.615270000000001,5.615366,0.0009934304203115109,5.61363,5.61636
jaccard-cuda,weighted_jaccard_pipeline,ms,lower,primary,5,6.67691,6.676104,0.0011389749777761754,6.67432,6.677169999999999
jacobi-cuda,average_execution_time_per_iteration,ms,lower,primary,5,0.0738951,0.07384188,0.00016520445998822013,0.0735441,0.07402049999999999
jacobi-cuda,total_elapsed_time,ms,lower,secondary,5,637.0,643.64,24.281976855272717,618.7,689.5
laplace3d-cuda,grid_128x128x128.kernel_time,ms,lower,primary,5,0.114,0.114,0.0,0.114,0.114
laplace3d-cuda,grid_512x512x512.kernel_time,ms,lower,primary,5,2.16,2.1608,0.00584465567848102,2.154,2.1679999999999997
lavaMD-cuda,kernel_execution_time,ms,lower,primary,5,29.116999357999997,29.115600138999998,0.007418479381343252,29.107000679,29.126999899999998
lavaMD-cuda,device_offloading_time,ms,lower,secondary,5,211.14100515799998,211.3554030654,5.575293335026316,205.157995224,219.943001866
miniWeather-cuda,main_time_step_loop,ms,lower,primary,5,1202.3539999999998,1203.0714,3.451021912419595,1199.115,1208.191
nbody-cuda,total_time,ms,lower,primary,5,27.705199999999998,26.057380000000002,2.0922310650594964,23.492900000000002,27.880200000000002
nbody-cuda,average_performance,GFLOP/s,higher,secondary,5,1956.83,2097.786,172.92536246600736,1956.37,2310.09
nw-cuda,total_kernel_execution_time,ms,lower,primary,5,21.998,21.9872,0.037107411658588614,21.928,22.032
scan-cuda,block_1024.bytes_1.with_conflicts,ms,lower,primary,5,3.8592409670000003,3.8156758788,0.18057748038730567,3.607259033,4.051134033
scan-cuda,block_1024.bytes_1.without_conflicts,ms,lower,primary,5,3.980112549,3.9799006836000004,0.0005708959192790316,3.979015625,3.9806335450000003
scan-cuda,block_1024.bytes_2.with_conflicts,ms,lower,primary,5,4.185316895,4.1856513672,0.0005587347633366084,4.185007324,4.186354492
scan-cuda,block_1024.bytes_2.without_conflicts,ms,lower,primary,5,4.159859375,4.159744043,0.00025090347834275665,4.159428223,4.160086914000001
scan-cuda,block_1024.bytes_4.with_conflicts,ms,lower,primary,5,5.604818359,5.6049073244,0.0008757325618268897,5.603966797,5.606150391
scan-cuda,block_1024.bytes_4.without_conflicts,ms,lower,primary,5,4.014445557,4.0133193362,0.0037827364418491333,4.008645508,4.019216309
scan-cuda,block_1024.bytes_8.with_conflicts,ms,lower,primary,5,8.282420898,8.2836365232,0.0030284981161633373,8.280354492,8.287574219
scan-cuda,block_1024.bytes_8.without_conflicts,ms,lower,primary,5,6.588180664,6.588248828,0.005281236679277022,6.581356445000001,6.595697266
scan-cuda,block_128.bytes_1.with_conflicts,ms,lower,primary,5,3.090029785,3.0900394044,0.0011455017780136428,3.08878418,3.0920883789999998
scan-cuda,block_128.bytes_1.without_conflicts,ms,lower,primary,5,3.5207072750000004,3.5206655760000003,0.0018359873444070958,3.5176203609999996,3.523133789
scan-cuda,block_128.bytes_2.with_conflicts,ms,lower,primary,5,3.648221924,3.647583838,0.001566039107465035,3.645072266,3.649594482
scan-cuda,block_128.bytes_2.without_conflicts,ms,lower,primary,5,3.710273438,3.7100203614000002,0.001572374368529168,3.708056152,3.7126096189999997
scan-cuda,block_128.bytes_4.with_conflicts,ms,lower,primary,5,4.891437988,4.8924291014,0.0018387967151723887,4.890393555,4.894785156
scan-cuda,block_128.bytes_4.without_conflicts,ms,lower,primary,5,3.519659424,3.5197129882000002,0.0008337063492564062,3.518688232,3.521182617
scan-cuda,block_128.bytes_8.with_conflicts,ms,lower,primary,5,8.372326172,8.3718576172,0.003210529759254271,8.367489257999999,8.376464844000001
scan-cuda,block_128.bytes_8.without_conflicts,ms,lower,primary,5,6.1306494140000005,6.1301518556,0.0019345794488348958,6.12752002,6.132887695000001
scan-cuda,block_2048.bytes_1.with_conflicts,ms,lower,primary,5,4.031481201,4.031494336000001,0.0006977134130057944,4.030344727,4.032404785000001
scan-cuda,block_2048.bytes_1.without_conflicts,ms,lower,primary,5,5.139959473,5.139947461,0.000246545886874543,5.139550781,5.140313476999999
scan-cuda,block_2048.bytes_2.with_conflicts,ms,lower,primary,5,4.685113281,4.6853311522,0.0004738716197808332,4.684872070000001,4.686072266
scan-cuda,block_2048.bytes_2.without_conflicts,ms,lower,primary,5,5.398852539000001,5.3989686522,0.00046574879703525186,5.398370605,5.39979834
scan-cuda,block_2048.bytes_4.with_conflicts,ms,lower,primary,5,6.118226074,6.1179382814,0.00039934862005604617,6.11740918,6.11833252
scan-cuda,block_2048.bytes_4.without_conflicts,ms,lower,primary,5,5.616779784999999,5.6168815428,0.0008592405901591639,5.615979492,5.618394531
scan-cuda,block_2048.bytes_8.with_conflicts,ms,lower,primary,5,8.844868164,8.84379375,0.0020957296538161316,8.840363281,8.846008788999999
scan-cuda,block_2048.bytes_8.without_conflicts,ms,lower,primary,5,8.004594238,8.0050679688,0.0022798554471263745,8.001771973,8.00859375
scan-cuda,block_256.bytes_1.with_conflicts,ms,lower,primary,5,3.19857666,3.1987562985999998,0.0005957649395187466,3.197912109,3.1996740719999996
scan-cuda,block_256.bytes_1.without_conflicts,ms,lower,primary,5,3.3636384280000002,3.3641960448,0.0008625845192486477,3.3633852539999998,3.365587402
scan-cuda,block_256.bytes_2.with_conflicts,ms,lower,primary,5,3.7710205080000003,3.7707843264000003,0.0006808398535048019,3.7698017580000003,3.771481934
scan-cuda,block_256.bytes_2.without_conflicts,ms,lower,primary,5,3.5347043460000003,3.5344989748,0.0008243200844994283,3.5329685060000005,3.535326904
scan-cuda,block_256.bytes_4.with_conflicts,ms,lower,primary,5,5.090063965000001,5.1471202148,0.11979903629530736,5.030908203,5.298624512000001
scan-cuda,block_256.bytes_4.without_conflicts,ms,lower,primary,5,3.25241748,3.2525672362,0.0006029268104323711,3.251675537,3.253243652
scan-cuda,block_256.bytes_8.with_conflicts,ms,lower,primary,5,8.353230469,8.3526410156,0.0012912714883728913,8.350682617,8.354324219
scan-cuda,block_256.bytes_8.without_conflicts,ms,lower,primary,5,8.024144531,8.024190039,0.0021874523066267347,8.021051270000001,8.026618652
scan-cuda,block_512.bytes_1.with_conflicts,ms,lower,primary,5,3.36007251,3.359897461,0.0006158597923723356,3.358888672,3.36071875
scan-cuda,block_512.bytes_1.without_conflicts,ms,lower,primary,5,3.827227783,3.8268767578,0.0007947249716098751,3.8253034670000003,3.827462158
scan-cuda,block_512.bytes_2.with_conflicts,ms,lower,primary,5,4.2157045900000005,4.116717431600001,0.13723678096391018,3.9489353030000003,4.24477832
scan-cuda,block_512.bytes_2.without_conflicts,ms,lower,primary,5,3.816436279,3.8185422362,0.00652450062207928,3.81195166,3.8282897950000003
scan-cuda,block_512.bytes_4.with_conflicts,ms,lower,primary,5,5.225828613,5.2260728516,0.000507059310392525,5.225624512,5.226999512000001
scan-cuda,block_512.bytes_4.without_conflicts,ms,lower,primary,5,3.7159665530000003,3.7161991212000003,0.0012401862300858838,3.714148438,3.717633789
scan-cuda,block_512.bytes_8.with_conflicts,ms,lower,primary,5,8.359200195,8.3603710938,0.0028678289118262033,8.357666016,8.365527344
scan-cuda,block_512.bytes_8.without_conflicts,ms,lower,primary,5,6.358593262,6.3582355470000005,0.0008431555184266682,6.356598633,6.358937012
snake-cuda,threshold_0.kernel_time,ms,lower,primary,5,0.005671000000000001,0.0056676,3.872776781587081e-05,0.005609,0.005721
snake-cuda,threshold_1.kernel_time,ms,lower,primary,5,0.008832000000000001,0.0088372,3.122434947280756e-05,0.008807,0.008894
snake-cuda,threshold_10.kernel_time,ms,lower,primary,5,0.122234,0.12222920000000001,4.1140734072205795e-05,0.122175,0.12229000000000001
snake-cuda,threshold_11.kernel_time,ms,lower,primary,5,0.145828,0.145814,4.548846007505527e-05,0.145733,0.14585599999999999
snake-cuda,threshold_12.kernel_time,ms,lower,primary,5,0.170834,0.170834,3.847076812342445e-06,0.170829,0.17084000000000002
snake-cuda,threshold_13.kernel_time,ms,lower,primary,5,0.19634700000000002,0.19634500000000002,1.3490737563226194e-05,0.19632300000000003,0.196364
snake-cuda,threshold_14.kernel_time,ms,lower,primary,5,0.234456,0.2344514,6.12849084196048e-05,0.23438,0.234559
snake-cuda,threshold_15.kernel_time,ms,lower,primary,5,0.26641000000000004,0.26639080000000004,8.331722510982298e-05,0.266276,0.266504
snake-cuda,threshold_16.kernel_time,ms,lower,primary,5,0.305142,0.3050946,0.00010151965326968458,0.304971,0.30519999999999997
snake-cuda,threshold_17.kernel_time,ms,lower,primary,5,0.348417,0.3484192,3.485053801594893e-05,0.348361,0.34846900000000003
snake-cuda,threshold_18.kernel_time,ms,lower,primary,5,0.39446600000000004,0.39445040000000003,5.465747890271378e-05,0.394347,0.394504
snake-cuda,threshold_19.kernel_time,ms,lower,primary,5,0.435662,0.4356512,3.6842366916368224e-05,0.435589,0.43570200000000003
snake-cuda,threshold_2.kernel_time,ms,lower,primary,5,0.013177,0.0131768,2.6381811916542763e-06,0.013172000000000001,0.01318
snake-cuda,threshold_20.kernel_time,ms,lower,primary,5,0.485145,0.4851508,7.289828530219432e-05,0.48504800000000003,0.48527400000000004
snake-cuda,threshold_21.kernel_time,ms,lower,primary,5,0.540868,0.5408684,2.6446927987913405e-05,0.5408250000000001,0.540906
snake-cuda,threshold_22.kernel_time,ms,lower,primary,5,0.575705,0.5756966,2.1527656630488626e-05,0.5756680000000001,0.5757190000000001
snake-cuda,threshold_23.kernel_time,ms,lower,primary,5,0.6868780000000001,0.6868856,3.155059428919835e-05,0.686852,0.686924
snake-cuda,threshold_24.kernel_time,ms,lower,primary,5,0.767515,0.7675136,1.6560193235571137e-05,0.76749,0.767539
snake-cuda,threshold_25.kernel_time,ms,lower,primary,5,0.823347,0.8233428,5.399407374890218e-05,0.823249,0.8234090000000001
snake-cuda,threshold_3.kernel_time,ms,lower,primary,5,0.021412,0.0214118,6.9397406291583305e-06,0.021399,0.021418
snake-cuda,threshold_4.kernel_time,ms,lower,primary,5,0.035715000000000004,0.0357082,1.301383878799768e-05,0.035684,0.035720999999999996
snake-cuda,threshold_5.kernel_time,ms,lower,primary,5,0.044455,0.0444524,2.9391155132114278e-05,0.044418,0.044503
snake-cuda,threshold_6.kernel_time,ms,lower,primary,5,0.059397,0.0593956,1.3484806264830084e-05,0.059372,0.059414
snake-cuda,threshold_7.kernel_time,ms,lower,primary,5,0.07276,0.0727552,1.5380507143785248e-05,0.07273,0.072771
snake-cuda,threshold_8.kernel_time,ms,lower,primary,5,0.089613,0.0896112,2.3146490014692005e-05,0.08957899999999999,0.08965000000000001
snake-cuda,threshold_9.kernel_time,ms,lower,primary,5,0.106205,0.1062068,1.6017490440141545e-05,0.10618899999999999,0.106228
sobel-cuda,average_kernel_execution_time,ms,lower,primary,5,0.007964482,0.007963408,1.55017319935549e-05,0.00794321,0.007986596
srad-cuda,compute_time,ms,lower,primary,5,56.163001806,56.2662005424,0.1560229005679565,56.108999997000005,56.462999433
srad-cuda,total_time,ms,lower,secondary,5,197.561994195,198.1083989144,0.9374099024175898,197.165995836,199.551999569
stencil3d-cuda,average_kernel_execution_time,ms,lower,primary,5,36.017,35.9954,0.0316644911533428,35.95099999999999,36.024
thomas-cuda,average_kernel_execution_time,ms,lower,primary,5,2.352232,2.3745036,0.030234794807307716,2.34817,2.415959
xsbench-cuda,kernel_execution_time,ms,lower,primary,5,342.0,342.0,0.0,342.0,342.0
xsbench-cuda,kernel_lookups_per_second,lookups/s,higher,secondary,5,49678188.0,49679805.8,7097.04951088831,49670581.0,49692085.0
xsbench-cuda,runtime,ms,lower,secondary,5,56725.0,56499.2,989.7814708308092,54675.0,57384.0
xsbench-cuda,total_lookups_per_second,lookups/s,higher,secondary,5,299689.0,300982.6,5367.416533119076,296248.0,310929.0
